Word,Related,Value
快,4,0.10905347023427475
送,4,2.0769975420355147
不是,4,-0.25794858116568586
点,6,-0.12159870492096382
性价比,3,0.3649156194355916
几天,2,-0.5839505783934709
好用,7,1.2717751668064172
卡,3,-0.9768372367060508
不能,3,-0.8859600830512034
款,3,0.32426171722346636
还好,5,-0.11831884193571493
下单,8,0.7022966960299688
不会,5,-0.06237575756899237
第二天,6,-0.09331699797867392
不了,5,-0.6127903529751749
还行,6,0.06806818156904478
售后,8,-0.06557566120509481
两个,2,-0.015145560411814543
两天,3,-0.7119762760988998
段时间,2,0.2762519888013353
像素,8,0.37974051158024963
方面,7,0.3580286564999748
给力,8,1.2119023246599254
老爸,10,0.5991647511526159
很大,4,0.35841677889622575
这款,6,0.43436450563182566
玩游戏,7,0.2628413422696339
买手机,7,0.4216504921619431
挺快,3,0.1493987999208761
活动,7,1.7758618476093384
看着,9,0.8947261919102824
里面,10,0.11602980546075659
钢化,6,0.6184798505418565
是不是,5,-0.570915495163836
容易,8,-0.22366775162611263
更好,5,0.4988049976706496
很漂亮,5,1.9770124876316586
舒服,8,0.986040337843351
中兴,8,0.4875684588788463
么,7,-0.5890493984345591
很棒,1,3.502487562407646
贴膜,9,0.7389414543736081
几个,2,-0.01417394118312526
挺不错,3,0.8042654458231596
第二次,0,0
红米,8,0.7245460614632384
实体店,7,0.5275358320045453
还会,5,0.8999795643442245
差不多,7,-0.07443949744519564
自带,8,0.2023849059536325
服务态度,7,0.5594004035467731
版,6,1.4041831238879496
用过,5,-0.09193423110514905
这是,6,0.4036452201238508
乐视,7,0.5499523549900592
买个,5,0.03436942198703792
指纹识别,5,-0.035671613261628196
挺好用,3,0.7282938608411763
可惜,9,-0.2538157026107579
待机时间,6,0.21159839475008466
颜值,5,0.5827201616657633
啊啊啊,6,0.08684073595161068
无法,6,-0.3065729014645379
国产手机,7,0.515300589810429
追评,5,0.4544705534806148
白色,10,1.2392173195730816
棒棒,6,1.6354127754272614
买回来,6,0.4086844342409675
备用机,8,-0.14286881580878988
半个,2,-0.02749383493876678
刚买,5,-0.30489542846474715
先,6,0.6554395330612847
顺手,8,1.0820312942271135
说好,5,0.7098004825701635
不卡,4,0.930942801069902
太快,2,-0.11339265371977654
第二个,0,0
差评,8,-0.15847226371662618
没得说,4,1.4004731773323082
模式,9,0.2904510765138993
新手机,6,-0.16632149208485308
直用,5,1.6181039127506651
不想,6,-0.3290219463163592
三个,2,-0.015706771499950686
国产机,6,0.26290120402533174
太慢,1,-0.28275946601497687
几次,5,-0.7685113329023281
不太好,2,-1.001945005735594
既往,5,0.47319383997941494
换货,7,-0.26570228090620807
总之,5,0.8622048796723909
发烫,4,-1.019701170630045
直在,1,1.3585030384413235
收货,7,0.753151957077368
哈哈哈哈,7,1.8230675113823445
超快,3,-0.21873845831197095
想要,10,0.515908742245035
触屏,6,0.05637826943224456
玻璃,9,0.504248664469936
好不好,6,0.08758145244681413
电子产品,7,0.9230579323933277
买过,4,0.47062169040218826
好几个,0,0
第二部,0,0
多月,7,-0.09266300177182754
比较满意,6,0.5991940863939469
手机套,7,0.8299728275051687
用用,3,0.4442651092868755
次用,3,0.15834807697906983
两次,8,-0.8659381965110504
内存卡,1,-0.7122582534452473
刚用,3,0.13869328264720185
没电,6,-0.5987650818209821
惊艳,9,1.2785700385456087
没货,5,-0.664280998126013
双卡,3,-0.24400946811129717
蓝牙,6,0.86509328193605
卡机,3,-0.9594433362368293
这点,8,-0.1997960373095389
反应速度,5,-0.6312519616630838
手机卡,2,-0.018829426468803256
前置,7,0.5059029081046572
顺畅,8,0.8926763841537001
店里,6,0.7535768025769393
感受,9,0.45587861731864343
最大,4,-0.016736252217086245
没话说,3,2.0057655339622227
有个,4,0.35410267481143776
第三个,0,0
太差,3,-0.6281593463065575
不爽,10,-1.6203205864439607
自动关机,5,-2.0768421278763283
价格便宜,6,1.5453292662430682
大屏幕,8,0.7031034892186366
点赞,7,1.552281561438671
色彩,7,1.062248342978093
不怎么样,0,0
图,8,0.6007015447424539
外放,7,-0.054732996637275065
卸载,8,0.09081284241429768
长时间,4,-0.1879355070078616
买到,4,1.574213449820622
真不错,6,1.5226599908178704
内,9,0.2626142844322011
能用,5,0.06886497130189215
爸妈,9,0.45970114445919996
送个,3,1.719244706693787
高配,4,1.7613154389539465
超好,4,1.817682210201824
这么久,1,0.27608970746268097
不高,2,0.8246115671219978
未激活,7,1.5958840878993148
自拍,5,0.7414741027491004
同时,9,0.22384746752497053
不敢,8,-0.29563508155208545
快充,5,0.7153660158802011
数据线,8,-0.45475369810453714
双十,9,0.3082079607921927
电池容量,5,-0.13004091034283144
两年,4,-0.1757473795589276
第三次,0,0
看电视,4,0.3024984507125996
越做越,7,0.6493760304889123
手机电池,5,-0.27254597470769465
第二台,0,0
先用,5,0.28387493487415305
块钱,7,0.6067338639760465
两部,0,0
恍恍惚惚,7,1.9293709741230234
通话质量,5,0.30107782040329123
旗舰机,9,0.6640176979594032
物有所值,6,1.8051824549497297
帮别人,0,0
不灵敏,6,-0.8819171164629368
卡槽,5,-0.6632324676037178
送人,8,1.015621493407105
用后,6,0.3242438870927388
很赞,2,2.678906293335889
摔坏,6,-1.3311822531437754
为啥,5,-1.6415521935199358
这台,3,0.21301651562623433
不像,7,-0.1365819107884067
物超所值,6,1.9476047861117527
用久,2,0.6413321641662854
黑边,10,0.24557046936696075
几百块,3,-0.885102202066553
哦哦哦,10,0.49579052292944487
运存,10,0.36581404972620596
冲着,6,0.5081137123789485
接电话,4,-0.2281980147494106
价格比,3,0.5612153172166429
换个,3,0.12480063646681332
并且,7,0.15765194680630173
很爽,6,1.6297761062921419
有没有,6,-0.2734215905894342
假货,9,-0.271298999529124
正,7,1.4973473470770584
两台,1,-0.7892699128482749
个人感觉,8,0.6971898369048943
太好了,2,2.272057816477177
换机,6,-0.08689849204818952
十个,3,0.06501892596753701
用起,6,0.3292093764707239
没用过,6,0.49413150060786587
昨天晚上,7,-0.5964722150672835
说用,3,0.45050369293059783
怎么回事,5,-1.446260015478607
几年,2,-0.5798046517598348
第三部,0,0
生日礼物,8,0.9612178528135951
双待,4,0.2555773290324037
内置,7,0.08922910335880041
序列号,7,0.4322629171680582
用惯,2,-0.053936564096048925
闪退,4,-0.788862938155682
咋样,6,0.06541601196680494
送过来,9,0.758860846800953
免息,7,0.3827610679521535
卡死,6,-1.914597079995527
骁龙,8,0.6485188147411294
买不到,7,0.8491829980949631
直是,8,1.335110161962417
费电,9,-0.917602530854257
好点,5,0.34694384621408286
目前为止,8,-0.18482216823325273
网页,8,0.3832487809882996
后置,7,0.46624351340195686
屏幕显示,7,0.5505925832110907
魅蓝,7,0.6881049890795926
拿来,8,0.18295495790657446
刚到,7,0.8129445410322605
短信,6,-0.24393275114496535
很值,4,0.9718078640019212
双摄,8,0.8152049327978298
打游戏,3,0.31022600828035835
够快,4,-0.25373623589271527
第三方,10,1.0120751692473011
还来,4,1.6490823017946683
般的,6,-0.20995918151548376
不让,10,-0.09187472303923593
同价位,9,0.7624082859377042
二,9,-0.005102757446868815
王王,7,0.7749220948725848
酷派,7,0.8434690164874592
点多,1,0.36612401328734445
小卡,2,0.1242908852391231
四个,2,-0.01584537504944422
很差,1,1.3033722627765643
过段时间,6,0.24183293734401837
产品质量,7,1.3026182412733902
真机,8,0.9595615571637565
比官,4,-0.29713780921348554
挺大,5,0.4821341537203743
智能手机,5,0.009127748612586417
曲屏,4,0.6881363366923915
手机信号,4,0.4983237372324604
功能齐全,3,0.18337331386138536
美颜,6,0.8848354045502376
像是,6,0.1806137257494558
派送,7,0.8786542136860994
好快,4,-0.25147873391710196
单手操作,5,0.7544725613264561
非常适合,6,0.508161237493053
我要,6,-0.7472626019916504
京豆,5,0.3731432286355033
点个,3,1.5450501400885888
不买,3,-0.6648635540400437
外观设计,9,1.637430226407778
掉电,6,-0.7478406805708583
国产品牌,8,0.660480831310623
今天上午,5,-0.19807039229762735
压力,5,-0.44501240040203366
很少,3,-0.12952674275594434
隔天,6,0.34434112958900004
系统优化,6,0.7642656463597565
再用,4,0.336897634766349
抢到,5,0.6781596115602213
听歌,6,0.22126376084776692
买买,7,1.2973592013656048
机了,1,-0.25288092140375773
很久,4,-0.25786818093690217
再评,5,0.4661735154684762
没买,4,0.41295468058949375
不值,6,-0.13630283016443356
不带,4,0.05462875502088194
段,4,0.19527418992679618
蛮快,2,-0.0913473934739394
嘻嘻,8,0.20607437857311192
不贵,5,1.1441568975492833
评差,5,0.3084177556047606
商务,10,0.7004089333715562
不给力,4,-0.4348217829453398
快点,3,0.04242112131554369
此款,7,0.5853372747235875
误触,6,-0.4929228608701015
三次,3,0.0356266244925077
拿在手上,9,1.7128615982561357
算了,4,-0.31359649584573757
对焦,9,0.5937566908721558
打不开,6,-0.8500633003260615
同款,5,-0.10803833255170184
没送,2,0.16657555698249768
第三天,5,-0.0725595125481168
不送,2,0.12469781545268804
电信卡,5,-0.338979720208842
拨号,8,-0.10746629421625342
货到,6,1.0052517622502055
高通,8,0.6449922048868799
就行了,4,-0.07430806603200946
比较慢,2,-0.2711734787904174
速度慢,1,-0.08683560920283401
精品,9,1.1906650173585183
后壳,7,0.4279204345835291
不敢恭维,1,-2.0422232256388457
小点,1,1.0822105368419221
退换货,6,-0.18632365543820573
新年礼物,8,0.924502102921239
还会来,4,1.6809032969125508
改善,8,0.5154980641486103
昨天下午,8,-0.298550746055442
全是,2,-0.14590373923630698
太棒了,4,0.5141917030999683
第三台,0,0
生产日期,9,0.5840033819831542
没得,3,-0.7864467427637143
太给力,3,1.1560005725779512
正合适,9,1.2327465625797676
没多久,4,-0.33951773899394605
不持,7,0.310772726273752
就行,5,0.18450064722225248
标配,6,0.7085543756933211
第四个,0,0
物流配送,7,0.6783438499916082
烫手,3,-0.8258345227281488
皮套,6,0.7927504984091253
七天,7,0.04891519247741337
系统升级,7,-0.26588523337909753
今天下午,5,0.046068714717203085
手機,1,0.919991050749468
两张,5,0.001873070056415127
单手,3,0.577408899876473
人用,6,0.3654780137572451
太卡,3,-1.1765653457118266
免提,4,-0.523034678240978
看吧,5,0.3852284098498425
所,7,-0.1094147571768886
千多,6,-0.01522269843463097
安兔,3,1.071925162268099
货后,1,0.33234295978597506
来评,4,0.23169751523565554
半小时,7,-0.10098457762461203
闪屏,5,-0.9115936893960412
高性价比,6,1.1568200715450356
没见,7,0.13667393475728043
磨砂,6,0.7636269268130955
低端,8,0.46950070576003655
解决问题,7,-0.2750598608983849
插卡,2,-0.6097736654400773
屏大,2,1.7803686201197726
多天,5,-0.10035359585081616
各项,6,0.39001131809700823
经用,5,1.270448993171256
贴合,7,1.215747204870188
超棒,3,2.370468141299734
原厂,6,0.8640404974207115
无线网,6,0.1979529358772423
太低,1,1.6120146366460189
畅玩,4,0.8467409921994778
好几部,0,0
屏保,5,0.8393804068178297
吐槽,10,0.6188682473875591
配套,4,1.32645600019432
大大的,5,0.3102867523977775
功能强大,3,2.0541675619396362
真是太,8,-0.06764589449070747
先给,8,1.0383382106949726
刷机,6,0.22774020070095377
三台,0,0
干嘛,9,-0.3268321767639876
二次,5,0.7249110667707984
顶顶顶,5,0.46480941928933694
电话卡,3,-0.6883065529879998
返厂,8,-0.44533926064728657
电板,7,-0.13380185943992168
我妈,9,0.03295557186289352
定要,8,0.027830377621132454
机用,1,0.14932342808737925
优惠卷,8,1.3719840626414548
小毛病,5,-0.32647274715370267
想像中,6,0.8196596722810975
触感,3,0.4062365117858587
剪卡,6,-0.46851803276620685
最差,2,0.10577580926236878
价保,6,0.15871260021215952
点击,8,-0.5138053093200745
不卡顿,6,0.7978078711177042
二天,4,-0.7445571415401913
网查,7,0.4352300424983356
大牌,7,1.1720723981341283
帮人,1,-0.7209351034199378
出手,6,0.8252421941947586
中规中矩,5,0.6209499115128352
真快,3,0.2338977278199846
总得来说,6,0.2419613985772148
几部,0,0
抗用,6,1.2755752092995198
购机,7,0.9194554129592687
接听,5,-0.6044412301232073
硬伤,5,-0.2861546992283459
不上,4,-0.45867154178865
品控,5,1.4474338343265445
发过来,4,-0.07242798700187908
左上角,7,-0.5424060653370082
无论是,7,1.5917165283169017
不差,4,0.9661507109343254
虚化,6,0.9697525273565342
换卡,3,-0.16929142554992468
五个,2,0.08609535456829227
大点,2,0.2231442052509168
玩意,5,-0.9667605468019952
想着,9,-0.7445801506182753
货到付款,5,0.372675146279408
我爸,9,0.13502994875048727
个赞,5,0.21846015969709928
没到,2,-0.4508232795143261
修好,7,-0.20309193013374946
十几天,2,-1.7451647451551169
抢红包,1,0.18856786479644105
开发票,7,-0.12632687763437192
SIM卡,3,-0.7621178728943164
赠,3,2.152409462235609
品牌手机,7,0.8100774531849643
是从,5,0.49939583104777324
不是太好,0,0
充了,3,0.27270642554178465
鉴定,5,0.5805105034874061
给我发,6,0.23662459685477286
试了试,2,0.058633348316432646
店铺,8,1.4516976551118168
想到,4,0.5939850298600731
电商,7,0.8668449227374789
赞赞赞,8,1.7840317881778553
很强,1,1.6973415089166601
工作人员,9,0.4596287840565128
电用,7,-0.8197501312879812
多个,4,-0.27387581109135606
照像,5,0.7854402947238596
多点,7,0.17063302196610336
非要,6,-0.6557459078627453
擦擦,7,-0.23682758785772196
很长,3,0.21623340571200775
几台,0,0
输入法,7,0.4807028322458902
似乎,8,-0.17242073922874102
电池电量,6,-0.6175964200772336
相素,5,0.4760884606765262
真货,7,1.9495670200856607
多用,3,0.2173634779537096
妥妥,8,0.5966907711447696
水果机,5,0.8584754076367996
听不见,6,-0.3066133362847781
很卡,1,0.39063857936190916
外型,9,1.9148963442864715
商品质量,4,1.6510995671140307
靓丽,9,2.1396801386219266
直想,3,1.2656172085331792
连不上,4,0.23482965191137395
最快,2,0.20149025226711453
还算,5,0.4095377406174666
花屏,6,-1.816019831904315
拆过,9,0.6660757127281157
第四部,0,0
截图,7,0.12415384757764893
待用,5,0.9448706580265058
联发科,8,0.5887774967261296
低配,6,0.5657656099277589
买好,4,1.4478109456257644
非常感谢,4,2.037446645650474
防抖,7,0.7253224100395631
用券,5,1.018453159391198
越用,2,0.6077305916640209
千万别,6,-0.49097493005287096
手机店,7,0.7382363733590698
半月,6,-0.34944742493385306
钢化玻璃,3,0.58583535515765
很慢,2,-0.2556467519884472
看过,3,-0.10702205778800249
哪个,5,-1.0644477917862074
强多,3,0.44584051744086733
新买,2,0.14608953665302662
打个,5,-0.694201325232546
手环,4,1.1863364106166479
要用,3,-0.06660869495758663
拍杆,6,0.8915980736558141
很酷,6,2.4216858615070294
寸屏,7,0.555036651861065
本想,6,0.0056046444207448936
摔碎,4,-1.0992703550053746
慢点,2,-0.23873497326458681
顺滑,8,1.5914265203767295
三部,0,0
掉线,6,-1.2309998951759324
右上角,7,-0.18541892939543184
字数,5,-0.16643346017079397
所说,7,0.14510003594966617
玩个,4,0.6579183697065425
满满的,6,1.033965400206385
黑点,6,-0.47944004560217435
告知,10,0.14786522425874335
字大,5,0.6425385971542479
不錯,1,2.257705063094574
买贵,3,-0.6574937424361549
贯,6,1.1794142373604108
到时候,4,0.164958942852434
够买,6,1.903700349230216
几款,1,-0.01167223734390706
很难,3,-0.8607585954765659
玩起来,2,0.10792810788976351
断网,4,-1.5017430743654188
进水,5,-0.9727922002647823
十分满意,4,1.4298346606756054
亲民,6,1.042343446992616
贵点,2,2.1128327464702084
好慢,2,-0.27553464867035754
不小,2,0.09538176175936394
用个,3,-0.46934064531470837
极好,6,1.6837479196748368
太少,4,0.10111832229010952
疯,8,0.33377584542529015
好长时间,3,-0.7919840883397705
多花,7,0.22191248363052754
右下角,7,-0.23208189446745692
插上,7,-0.11722713897812409
太烂,2,-0.5489737111577857
较大,4,0.13376028476345198
美观大方,9,2.4855242881086586
配版,4,1.70496620704461
下子,3,-0.5189772316413771
苹果机,7,0.6520197927098111
爸爸妈妈,9,0.6799182676551194
买错,4,0.40133676393912343
寄过来,6,0.378454537062143
看不出来,4,-0.315115592760753
侧边,10,-0.21164923433083502
有货,6,0.5794740124335068
查不到,8,0.4889013040252877
官网查,5,0.8439950429292834
挺舒服,4,1.1172248805178324
两三天,3,-0.520010688720988
点下,2,-0.9625159837204799
不经用,3,0.3131976722800894
大容量,4,0.7950620028788725
充不进,0,0
存储卡,4,0.03890873360206873
方便快捷,8,1.4392758678706556
亲们,8,1.3085801040085698
指纹锁,5,0.3440323846492279
不玩,3,0.1268209551927182
塑封,8,0.6290703837501096
没出,2,-0.5042341751989393
大字体,3,0.14116853806981974
用安卓,7,0.08422245025621211
查过,6,0.10398160124854944
金属外壳,7,1.387248354394544
老款,3,0.8212352124356163
没试,3,0.35695987882794383
自拍杆,5,0.8259960866483048
拍照片,5,0.36782047717794847
老牌子,6,1.7044976667305747
奇酷,6,0.35113452969440795
反应迟钝,3,-1.54976183484422
万多,4,0.6082377218996011
十多天,2,-1.7515021768534624
不多,5,-0.4624779751589755
黄屏,5,-0.34514879399999565
坏掉,5,-1.649236759930218
媳妇儿,10,0.6141525093893947
偏小,4,0.19035372245924576
不太会,7,0.2675471725757626
只手,5,-0.14418548291186575
几张,6,0.619325874915745
两周,3,-1.2242401584347613
份,6,0.17747732892440526
逼格,4,1.6434655931931976
没装,3,-0.287241053032319
味道,5,0.988370497457716
送点,2,2.0628619991277746
降到,8,1.2613938028335305
推送,7,-0.23683142756783673
听不清,6,-0.5145069087706572
麻麻,9,0.28958032531896283
这款机,3,1.3573849596201175
代买,7,1.2185815566585727
接听电话,5,-0.818491137198612
再也不会,2,-0.39480164188060174
截屏,7,-0.01992927728582023
挺值,1,0.3757725475542289
却是,5,0.21685028397639905
有点像,6,0.5437724676671304
好太多,1,-0.6223740587044589
没人,6,-0.013964647578482965
摆在,4,-0.07087044627272615
不可,7,-0.05239015201719429
太短,2,0.3199042864963379
经常出现,6,-0.8987916371745815
发了,5,0.14121937386998745
机里,3,0.4351722608332516
几分钟,3,-1.019555536211658
超给力,5,0.12288391038262603
蛮高,2,2.350836945869827
没坏,2,-1.918995478793796
这回,7,0.8012074391375074
暖手,9,0.3189011639666636
发个,8,0.21179018324094895
存储空间,5,0.5236697166247695
凑合着,6,-0.023952710182029657
全网,7,0.9476198732878858
退回去,4,-0.5071567180372036
小小的,3,0.07201965052762115
比安卓,5,0.38539531182897224
发短信,4,-0.31827343491508864
流畅性,7,0.6142715853147173
无货,4,0.3728873280228725
次电,3,-0.528969687385635
调货,6,0.29961423244532076
先说,3,0.6602538363054319
先买,3,-0.6412027848810381
全金属,6,0.9767545003326127
最小,7,-0.04347292759712058
这才,3,-0.1598098425203348
卡屏,3,-1.5749553781309116
直买,5,2.25877816782138
太漂亮,4,0.12309784546228977
网贵,2,-0.3119046189353052
领取,8,0.4424260583912637
不亮,8,-0.49527182564910166
爸用,7,-0.045050036407258034
不足之处,6,0.6878408493339392
中好,5,0.369574451112364
颗星,3,0.01176447499266507
电话号码,7,-0.23935999265375482
满格,5,0.18542335567146187
偏黄,5,0.3757538312796047
但用,2,-0.22672063421555436
双击,7,0.5598904254169214
太坑,1,1.0493611606699733
价格合理,3,1.8852755046056104
试机,4,0.4401485141172369
比红米,3,1.1483732836722844
百多,5,0.4090004845789167
没法用,0,0
去取,7,0.1398374017571898
不换,4,-1.3210751058785246
第四次,0,0
护眼,8,0.4719166207531096
质量保证,7,0.9840542939210379
送货到,8,0.872239401570506
还用,6,1.059669916904898
不输,6,0.39430578165618524
再大点,1,0.97625635377275
自提,9,0.39361554733326004
挺棒,1,3.5850370912767273
亮屏,6,-0.0759896787257421
实用性,5,0.3773744752116316
耐看,7,1.591493366546263
机中,3,0.4234807709144402
数码产品,5,0.7780127048181306
时会,6,-0.987585053193456
日后,8,0.6466921836886561
老客户,4,1.7362260733423895
内屏,6,-0.3691109715404249
天后,5,0.05444443173456681
满电,6,-0.0013896166978667468
对华,9,0.26456188839781003
努比亚,8,0.6689065527838378
极速,3,-0.8704199501436719
碎屏,3,-0.04172828065052111
机皇,6,1.1246179763074844
撒,9,0.39232390087719893
机好,1,-1.4906058753771152
全面,7,0.6525019105085512
不靠,9,0.025029756534160792
颗粒感,4,-0.8074773580018233
功能键,7,0.12554853298912888
个用,0,0
市面上,4,0.2575650414219214
反应速度快,6,1.596920907233482
太度,6,0.4706264951859113
冲电,3,-0.2559314982442511
别买,5,-0.6188888124047052
发错,4,0.1357441022730081
多星期,5,-0.33019880177321487
五颗星,3,0.30098591129653335
预订,5,1.1123436492690413
几点,7,-0.23496285943377407
连个,7,0.0478971944515015
屏键,7,-0.6134010521746365
开关机,7,0.23431685437629834
获得,4,0.28327287826812253
次性,3,-0.07964500439750734
会发,1,1.2248438428387345
出过,3,-0.08958881508838962
加载,6,0.3975798682925733
多长时间,3,-0.3076669226449474
有卡顿,0,0
真不知道,3,-0.7768945251332166
沒有,3,-0.11006964986618188
翘屏,2,-0.26648508205174104
挺高,2,1.6954031118929438
卡针,3,-0.5406812428966684
大够,4,1.1623701586742705
价格低,6,1.6126133951712307
使用方便,6,2.065877545199326
外音,7,0.13525948233050286
好几百,6,-0.5838954186232262
不发,0,0
充不上,0,0
二个,1,0.1866965924096745
选错,4,-0.03241882091682936
手机号,6,-0.08975416241890581
太次,2,-0.5451721941564995
基本功能,7,0.2749220757241262
起买,1,-0.9788716371200316
手写,5,-0.40956587962482993
快到,4,0.22672755635146732
触控,5,0.14617122754681094
尚可,6,0.4974169042915235
返现,9,0.10632513237432785
短时间,6,0.19416530235327986
好货,5,0.6711735936601031
就让,6,-0.317974817105353
买乐视,2,0.9485898811597284
配货,2,0.10216882919024184
拍出,6,0.8520816110258519
买下,5,0.829568527241854
用不上,2,-0.447240301522008
时买,9,1.2637763938007573
别说,7,-0.04569368846692158
装上,4,-0.5504637190618614
刚上,5,-0.4094403678227915
屏膜,6,-0.3323001398869748
变得,4,0.17288112314392054
内存不足,5,0.3790345564243762
服务质量,3,0.7922833189082977
之王,2,1.891915157197475
不亏,6,1.5846721964503478
中要,1,1.4946792445191541
几十块,3,-0.6481760843172409
试过,2,-0.33462332189730726
太薄,4,0.371018028891565
八核,6,0.4810855607901517
强烈推荐,6,0.15567864951207108
临时,8,0.34093543913545254
不错呀,3,0.650064246632055
屏显,5,0.9909703454261777
好多天,3,0.18535746612419665
略有,1,-0.002051844064657787
出货,5,0.810205659244542
几下,2,-0.5115960133124217
刮花,7,-0.32993106258408966
最起码,8,0.10423530472925573
不下,7,-0.13733068152437972
不动,5,-0.6964520372013441
打白条,6,1.3429551033547236
耳机线,3,-0.825711779394903
割手,4,0.6589905558448944
二十天,5,-0.8053962899232315
俩个,2,-0.01871451094951622
视屏,8,0.18172669887798532
十来天,1,-0.5226099397928035
时有,5,-0.09264895850963129
两千多,6,0.9996608189309534
太轻,4,-0.7229413648071186
单键,6,-0.02287804802970772
做成,8,0.9273744477369508
机能,4,0.2718823740451303
图个,5,0.6025161553234186
妈用,9,0.010127303693190272
省省,5,0.04000211903074176
几千块,2,-0.7303729868353064
再换,3,1.0157326253480508
易,4,0.4780642724899138
真给力,3,-0.027335443954798515
单卡,2,-0.6591353726769187
刚出,8,1.3252880507831861
骁龙版,4,1.0278706337440036
易用,7,1.5940237797301602
裸奔,6,-0.1365713060444551
刮痕,6,-0.9473470494677141
外屏,4,0.17265255922885142
断线,4,-1.2771880538788145
高好,5,1.0693226829643785
看个,5,0.3509138844593037
不出,3,0.10799176778194612
强太多,4,0.41724899849937236
加个,4,0.6772391313205781
看不出,4,-0.60392052695011
回事,2,-1.502631439069484
没多大,2,-0.8449810589047633
标准版,6,0.6791490974393283
三四天,3,-0.7596917308316499
今早,5,0.6228016325971852
多钱,6,-0.1376287079885458
好开心,7,1.1423940435609572
邮寄,6,-0.2785776258734517
响应速度,3,-0.03350164990641816
凑活,5,-0.09845510560154455
前两天,5,1.0773559740862586
太丑,2,0.592095530819831
真想,7,0.04713167001726707
己经,4,0.10275065199368363
感觉良好,3,0.3265213264174469
装卡,4,-0.28950274659527286
服务周到,4,0.9422222245550841
超慢,2,-0.2753181475886184
喜歡,7,0.8580020666939975
几条,8,0.545556368618479
前段时间,6,-0.115938896547082
这下,6,0.36389719558775613
最合适,2,0.5467824626231127
各个方面,7,0.7390131816500831
不信,6,-0.7276476317614443
美腿,6,0.41773253331669274
性价,5,1.2170450397642265
看不清,4,0.5814097850661928
只会,6,0.16564891921240468
换屏,7,0.31704172754612336
删不掉,7,-0.41418333555081677
不大好,1,-1.0036775107381746
把玩,3,-0.23553703314174887
分货,8,0.28344193229222125
分屏,5,0.01968632772287825
后用,0,0
传,8,0.20935248470299264
用够,3,0.9121761444329554
好差,2,1.5678051725793214
看清楚,3,-0.0927689850207567
怪怪的,4,-0.6721813074512271
相对来说,1,0.08705295245059837
第五部,0,0
没说,1,-1.8643502490231205
无可挑剔,6,1.6973632704912172
紫薯,4,0.6963935830686085
炫酷,8,2.32785423038608
般用,6,0.27933027525139287
第五个,0,0
三遍,5,-0.7378613809895045
想换,5,-0.6897366408657246
放着,6,0.4790228962299609
不来,4,0.6713993374989375
四星,4,0.8260643625508051
插进去,4,0.3232676168212621
太牛,1,1.1736794953017888
握持,4,1.1294271153801838
高点,3,0.6760700887012812
凑够,4,0.17209049772802598
几百元,2,-0.5356692564920785
信价,5,1.364408835646093
买时,7,1.2065563456791193
左下角,7,0.18711035414799973
应用程序,5,0.039749348365825075
蛮大,3,0.3174374096021108
太渣,1,0.642831389660323
鸡,7,0.7287284579334088
搞不懂,4,-1.3736021906507605
好多个,1,-0.01405176739672756
那款,5,1.086443193396987
滿意,5,1.136700356831533
玩微信,3,0.42485581565376346
重新启动,5,-0.9058878161019195
降低,4,-0.000816738360929839
较慢,2,-0.2805983540285159
闪充,2,0.6441555908207187
下架,3,-0.6226731948808316
现金,5,0.5464344473903815
系统软件,3,-0.05272921169229744
领券,7,1.1338048301922963
再来评,3,0.49153699566366454
这机,3,1.9584315787813609
买后,8,1.4368372234496596
寄回,7,-0.5182361650461995
坏点,4,-0.14837504413044705
扎实,9,2.082232418740381
最棒,4,1.0819371216403884
自定义,6,0.31982620584772786
旗舰版,7,0.7850268226129907
点卡,3,-0.2735771242644254
更大,3,0.23403501490334122
用不惯,3,0.5088959506581023
真棒,4,1.3270714102949708
个手,4,0.2733732106502451
换回来,5,-0.5409239604820419
可以信赖,5,0.7924945748272906
配个,3,0.3759593748777301
会卡顿,2,-0.35409827810510025
差远了,5,0.5293101927226175
要换,4,-0.1660534400615275
质保,9,0.3687453849093051
感觉不好,3,0.2859975181741139
大堆,4,0.24909983209201803
带上,4,0.6927968241668556
最贵,1,-0.19718316033850003
朋友圈,7,0.7254297265907105
某米,3,2.0756981587396273
稍差,2,0.4306873628298412
之作,5,1.7214605990342169
追平,6,0.4643219011486838
验证码,6,0.7302328518257423
极快,4,-0.732670253897841
不二,3,1.3343370741921279
完后,6,-0.1465211209562922
给出,9,0.2885017778841015
噪点,5,-0.04619710721242326
变慢,1,-0.7545853323549705
已用,2,-0.2773697372125309
优惠活动,8,1.9632101032369818
直挺,3,0.9666079385327658
手后,2,-0.07133321530072542
没发,3,0.14882842552876183
快得,4,-0.07453962042118696
防爆膜,5,0.9339301286415823
无卡顿,3,0.875067446308928
夜拍,5,0.5792261108364608
小游戏,5,0.4872951734565266
送错,3,-0.44174299002559886
取件,7,0.03910891845117689
三分,4,0.7233152328638381
台积,0,0
怎么弄,2,-1.7063286736980432
回应,7,0.061157445559392155
太爽了,4,1.8307656456916823
拆机,3,-0.1382889126942064
拆包,4,0.5628975319912659
转接头,4,0.9053615711614493
保修卡,5,-0.4318988443059625
比较稳定,5,0.9216599192796548
比较严重,2,-0.07253792170064088
很灵,2,-0.5614723316326523
新出,4,0.8025160606962357
就够,5,-0.27851366929294585
会有,1,-1.221970468688557
短板,8,0.09884027733353701
这货,3,0.8383858489011097
说真的,6,0.4393605755858145
价买,6,1.0717105487574299
手用,4,0.28679005317018447
凉,4,-1.5256183187283388
点半,0,0
还过得去,4,1.8768312808573138
炒鸡,9,0.8400100786090782
十几个,3,0.9147453152903823
照出来,5,0.710719178125703
很久没,1,-0.012281968588815263
偏高,3,0.5305428462263893
給,2,0.8130254696216346
共买,1,-1.0442217850813638
最强,8,1.5394295185096816
货是,3,-0.13119535861504128
线下,5,0.7102630022481575
直营,0,0
花钱买,6,-0.24886351429054843
两三个,2,-0.02771794913305292
发到,6,0.0388780936384065
本机,5,0.5961549647505835
取卡针,3,0.23910037362540307
别家,6,1.1964312526434984
屏碎,1,-1.6953997175877153
二个月,2,-0.2612922326163518
开个,4,-0.043134418064206606
不开,2,-0.41780804665007715
天充,2,0.8698411895188058
差太多,2,0.7291879150092682
做个,6,0.8991402677241345
上个,5,1.3946316041049542
百分百,5,0.6591760396502805
回购,4,0.5101488428934497
辣鸡,8,0.5814683250000011
验机,7,0.4598449108612896
那台,6,0.39131006136515084
握感,4,0.9452421579336147
软壳,8,1.0181347737433368
加点,1,-0.5610722277180363
删掉,6,-0.5597861791424633
备机,7,0.026573228486603744
天用,3,-0.589827417792496
单反,5,0.8661868993118294
好几年,2,0.06605950525200495
星给,3,1.0277956498074152
认准,3,1.1727152338862288
来个,5,-0.09414840027011831
很帅,4,2.9030450526138356
要好看,7,1.456890402664111
太难,4,1.0296123512755129
略显,4,0.5408787156010804
天无,7,-0.1457196350193426
十分钟,3,-0.40602488093938227
没换,2,-1.6802711647738278
品牌机,9,0.6704079750164391
多出,6,1.4578683323308956
本店,4,1.800169178925417
先前,6,0.8195107221551631
不敢相信,7,-0.7507851673234439
保护措施,8,0.624990387120333
点到,0,0
出库,6,0.4015257819931593
太滑,2,0.810955800941345
暂未,1,0.8129212911756201
较差,4,1.0318446001213957
之选,3,1.3864550258932533
拖影,2,-1.619437900248259
主打,6,1.4532349968317517
看清,4,-0.5309830189439921
非常高兴,2,2.026013834776592
张膜,6,0.8062990900031557
没来,2,-0.3173385091265618
蓝绿,7,0.7029104935640772
二是,4,0.5248340671136223
想买个,2,0.4970470902083429
京東,7,0.7131049763516911
稍慢,1,-0.20271493060638393
功耗,8,0.6676287661238944
关不了,3,-0.24815252108629146
手游,5,0.7147483176298934
货已,1,0.30935656695112335
生意兴隆,9,1.0910047054401248
这段话,7,-0.10921243376764521
通话音质,5,0.727766176888899
责任,6,0.1308506200333731
昨天中午,3,1.5518409094758887
星是,2,-0.15981805029937313
出厂日期,8,0.04891704788277677
用时,2,0.22311675194108044
陀螺仪,5,-0.5466710263697381
无限,7,-0.48153190278300295
值得称赞,4,0.844041140367799
中评,5,0.30189914086548264
具体情况,4,0.04324016765082528
只想,6,-0.5160461426599618
没得说的,2,1.550750376399842
自我感觉,3,-0.20825744363452472
五分钟,3,-0.40172915415179977
买点,6,0.2105043139091247
拍下,7,0.798848529825058
手小,5,-0.8324646598553308
没个,3,-0.24163854169700882
这价,2,1.2949883156488364
无忧,2,-0.7060514105025305
用乐视,6,0.855190152240023
断货,2,-1.2034226989066326
认真负责,6,0.7205352057973746
天买,2,0.20198553924792784
圣诞礼物,6,0.7748435831954588
换回,6,0.058580559554294004
挂断,6,-0.5148014562171066
好机,7,1.6890488902654959
好多年,4,2.0160517008324974
贵重物品,7,0.21542361548639638
没配,4,0.32394225497384144
外置,7,0.7619961486064273
背壳,5,0.4717691344685596
极差,2,0.3963570514499737
过多,4,-0.25008902116058385
太厚,4,-0.7663296409317895
取货,3,-0.5423548497735031
刚回来,5,-0.13374255178321232
掉下来,5,-0.192690928160408
带个,4,0.6237596868435296
好极了,4,0.8485874286281532
店买,3,1.356780729066173
点前,4,-0.6206982441165931
周后,4,0.7341337176263676
用下,3,0.1430265471137737
中奖,6,0.8922818823674784
四部,1,-0.014794312447389288
可用内存,6,0.37288441981874526
充不,2,-0.7130897402703416
又快又好,3,1.3146848866144878
不起,5,0.7025632287410405
都还没,5,-0.3070332896532878
拿货,3,-0.0025318077066863363
没开,2,0.24348583692569004
没带,5,0.2763728388397479
试玩,4,0.5121831511026074
二十多天,2,-1.4346767138850498
解决不了,2,-0.2657022089657469
点开,6,0.6649483765400247
做生意,8,-0.1947679252340314
我哥,10,0.2187758088535873
玩手,3,0.48626597769998064
收不到,5,0.40158804379027374
啥子,3,-0.06848691280617107
太值,5,0.7458093511131205
操控,3,0.16646821370977685
很脏,6,0.11858479032605078
留着,4,-0.3336003824845802
天半,2,-0.004342966204276655
感覺,5,0.7859468160217256
搞错,6,0.018702805884806772
行用,2,-0.29191535473749564
价比高,5,0.7902484268232028
看用,3,0.82140358254274
抓紧,8,0.038145672838879874
天到,2,0.4713630434724072
十核,7,0.5696942112186939
不该,8,-0.24898939406388537
中框,6,1.1299038915136785
刚刚开始,2,-0.4548886172657885
两分钟,4,-0.8760457617059212
挺轻,2,2.2713126178363394
用卷,6,0.8921883275004364
昨天上午,4,1.8327950271295785
六个,1,-0.16560627354707627
日买,4,0.4959982548373322
服务到位,2,0.08674217756502078
息屏,7,0.1724641568732366
大半个,2,-0.021665139632970495
解不开,4,-0.8323057719727124
总有,6,-0.5117149027939091
兔兔,7,0.8341057302992926
完爆,3,0.7764405307257739
有京豆,5,0.1448179076753084
领了,3,0.6001853111411153
礼包,6,0.8869176440915267
双开,6,-0.2611551100528327
香槟金,6,1.371690179839744
卡到,4,-0.35635365156444376
开过,3,-0.26583884229509397
暂无,1,-1.0853046362851317
这方面,6,1.0361078434524917
小东西,8,1.0699915267710198
视觉效果,2,0.48843581094107485
月产,3,0.19121379538288227
啪啪,8,-0.8829908980894998
深空,9,1.537531597391252
千块,3,0.19640880643188327
骚气,8,1.2835060749079643
初次,3,0.9747322617749085
不响,4,0.12148975438753001
久点,2,1.4873623361792296
很多很多,3,-0.4747640747105855
纯粹,5,0.7192421836551546
此机,6,1.0143330764209175
接触不良,4,-0.3903045065743279
买大,6,0.9586604660809765
长点,2,0.507872920568992
恢复正常,4,-0.3055272924011513
很轻,8,1.942525394833581
信奈,6,1.6184599338690713
晒单,5,0.3086082747123702
天内,3,0.7850133369877041
比高,5,0.3537941939297448
天要,4,-0.2500160218446309
用机,4,0.5504686408004077
挺长,2,0.8751888720697214
不变,4,0.645417771496251
放歌,6,0.04764610660473786
无线网络,8,-0.42315284951958543
买回去,6,0.4231058627751707
我妈用,3,0.3203409320576192
多大,5,0.22067424138445949
手势,6,-0.3533745475117762
信耐,5,1.2692462082741502
换到,0,0
第几个,1,-0.42135285852926246
原机,6,0.1443824494809729
机都,1,-1.3467968906245322
蓝屏,8,-0.8984537253950566
开着,5,0.19829263903670624
正货,6,0.9918571837003353
人买,6,0.47979852610017965
玩机,6,0.26639030966636396
还慢,5,0.44817341000709715
挂机,4,-0.6038845588413195
前面板,3,0.9636276734753371
第四天,7,0.019477646551409693
五寸,5,1.1529109925280263
撕掉,3,-0.3242554482744005
大看,4,0.36493740217992054
不去,5,0.8088723171117584
弧面,7,0.7872684619236171
中有,5,0.5324314421724079
還是,4,0.93453879727964
回馈,6,0.2505562864369028
错错,8,0.2476466603224095
充好,0,0
太忙,3,0.33277993870424943
偏贵,4,0.7931548801026169
电子书,8,0.17471582855594808
刷卡,7,-0.06194930226469026
巴巴爸爸,7,0.32449403437100116
老婆大人,9,0.4145484544756484
床上,6,-0.4673754689176384
机吧,1,-0.2259651925576801
骂人,8,-0.3056586443284546
新货,5,0.42148201453155876
用得,4,-0.1887220280998299
多下,4,0.01485636387742209
不慢,2,-0.4059958555006614
期待已久,3,0.8581043632422686
熄屏,5,0.04358108848917952
附送,5,1.4712211711374568
四五天,4,0.15035568052744777
总体而言,3,0.30147373321627047
好卡,6,-0.12150885698253842
自已,6,0.7375685820775609
屏险,5,-0.2441508181087763
不太灵,3,-0.3306643952081832
慎重考虑,6,-0.8957846529790637
按着,4,-0.2302602935830777
进网,6,0.46549978032710904
额额,4,0.09470748861539334
研发,10,1.2933967396367905
只认,1,0.7505424147966818
侧键,5,-0.21635354584915248
阴阳师,5,0.371992752528739
很正,6,1.5841406664468591
比较简单,5,1.5419958806208482
台机,7,-0.7600817728386383
先不说,7,-0.17985322089340214
下载速度,1,0.21513493733810413
太热,4,-0.40694113274659277
不会错,4,0.20757020014051134
点多下,0,0
个把月,0,0
啥时候,4,-0.3754909008675661
好得多,6,-0.360784291232856
没退,5,-0.626864540439223
太强大,6,0.023218855950092154
异响,7,-0.32399744868413033
摔过,6,-0.5330551943739336
两星,2,-0.30058875986486067
无效,5,-0.5422530889321089
胶水,7,-0.4818857514159759
拿回去,4,-0.3795323949049202
某果,2,1.7622064244923163
机是,1,1.5532405382995895
在手,7,0.6065350012949063
比米,3,1.1713013124507785
寄给,1,-0.2402190612245276
侧屏,2,0.01448279726354533
原装机,6,-0.23589480798238985
用券后,5,1.29418997156505
爽歪歪,5,2.126028195268144
出去玩,9,0.6528339384977473
忽然,7,-0.37662145384112033
卡不卡,3,-0.25756379145468966
看不见,5,0.15849631351735738
天多,2,-0.15005813539730486
精准,8,0.7435542386975239
加评,2,1.0239834502621168
充到,6,0.6768022083259595
太假,2,0.5922633881286798
得京豆,2,0.5620971338120879
周才,4,0.4583953415749855
很多年,4,1.442821766028298
寄来,4,-0.27419916703700936
啊哈,7,1.4102803759589506
顶配,4,1.4976575697384642
阴影,6,0.5215603355824463
吼吼,3,0.5108787138161252
省电,5,0.8785105536394763
包包,8,0.4993518408672755
原生,8,0.5396642336077849
买部,5,0.4352711329531651
没想,3,-0.1340493342895169
派件,7,0.7121881870271077
三千,8,-0.08180392014798021
识别率,5,1.4576533648782437
下用,2,-0.0009266734189812276
小弟,8,0.5221647730032903
复制粘贴,4,0.3421205364818724
我查,5,0.10599944263710603
卡过,2,-0.6626382323632014
六寸,3,1.174118402525644
感应器,5,0.9665781898792897
没太大,1,-1.0992909994889757
还选,1,2.523679626760934
男票,7,0.443506282480426
最早,4,0.2795072315621673
处理速度,3,-0.5802361835861082
纸盒子,7,0.04515130614986253
发现异常,3,-0.41864609471284236
许可证,7,0.5699792372843209
从米,0,0
还贵,4,1.2053615989088384
几把,3,-1.5636279259324664
满意哦,6,1.3094437457710217
怕麻烦,2,-0.7356321711843151
继往,7,0.7196336866623375
贴个,3,0.5107628823654876
转换头,5,0.23084917780096106
等待时间,6,0.03060429396401453
还卡,2,-0.33897189578345827
看片,4,1.0532884611130071
找个,7,-0.5707255186402486
部给,3,0.4568546045977311
直营店,5,0.10034293376697948
折扣,4,0.585016534843926
不负责任,10,-0.884100465735429
难用,7,-0.751816051962628
再作,4,0.8284606085032418
看久,2,-1.2806474955476115
不合理,9,0.05752612743204626
刚过,7,0.42693248951771146
贴上去,6,-0.23749619395304433
双系统,7,0.6004167502450218
打死,9,-0.2379579448032401
会断,2,-1.580174748033785
满减,7,1.0837463032594445
差到,5,0.8691795656312615
待电,1,0.0621277886902201
数字键,3,-0.2628700457995053
四台,1,-0.014681257032648755
太不给力,3,0.918452284708453
差些,2,1.3686813110384508
畅享,3,1.377362504359929
几秒,4,-0.3279267723636073
连上,2,-0.2208751721704257
挺慢,2,-0.277188286297528
足以,9,0.24848672209411296
电掉,4,-0.7114397680911455
两条,4,0.05503361582111596
我点,4,0.28098064714246046
宝贝儿,8,0.313279417872998
压坏,8,-0.8611710235920447
破音,7,-0.4007538549831256
张卡,4,-0.33782341588972176
五六个,1,1.9595129526585355
拿给,4,0.8148418706445101
跳屏,3,-0.14680729026699452
当日,7,0.24153384041366532
装在,5,-0.0142001166480898
残次品,9,0.24291439633029752
好好看,5,1.4112382211662817
仔细检查,3,1.5973154412438586
可玩性,4,1.350217522078898
半年前,4,0.601560889457892
高品质,5,1.181153455490258
货用,1,-0.41463721916464186
变小,4,0.5616096331533779
其他软件,5,-0.016274184289268766
四五个,1,2.028082931578768
二部,1,-0.014901091586500775
试着,5,0.6708367081113823
中端,5,0.8511934907392196
玩久,5,-0.7854863826439826
稳定版,4,0.4144052695037598
两百块,5,-0.17413328793070712
几好,2,0.17635024516974895
货好,4,0.08194505300113597
机就,0,0
好轻,1,1.0563414664614932
银行卡,9,-0.08767391662686125
电后,5,-0.6797067245885053
多人,6,-0.7114196380431058
发烧友,4,1.1185074586837291
多部,1,-0.014732499868579111
好丑,2,1.5741790593398928
用些,3,-0.0503047630171336
二台,1,-0.015060756740366988
热情周到,4,0.3429725919691829
储存卡,7,-0.10120886035859403
问下,7,-0.36945839210824616
双曲面,3,0.7603508207658334
给钱,9,-0.21345036810708345
开包,2,0.3736937663437171
吃亏,4,0.11830565746343509
問題,8,-0.5386403703722962
能比,8,1.054317564840658
已买,4,0.17954153028094533
满好,3,0.5405473450031834
退回来,2,0.33903520118506036
十五天,8,-0.2854006469428757
单买,5,0.8986809704991288
内心,8,0.8429017440032486
想用,4,0.053220923286062344
好哟,3,2.209121798437461
升到,1,1.104010690119182
自动更新,7,-0.09634564416205203
堪比,3,1.7452631918394887
带回家,5,0.8541458482961544
没差,5,-0.6036408643248576
两款,3,0.01322994324351231
第五次,1,0.0954177973264477
两样,4,0.1372862736724204
屏够,4,-0.24550248849149103
情侣机,4,1.3875738646724698
装个,5,0.711408200373134
好久没,0,0
操作界面,6,1.2851632045979553
看不清楚,3,0.19272853059177444
女票,8,0.39973048243484155
没用到,2,-0.14919971173654592
自提点,10,-0.14002636221832826
两块,4,0.277063158486491
上当受骗,7,-0.8697785502132179
双通,2,1.6474816210661078
后台程序,2,-0.4676121536246909
不太给力,2,0.1188786114892505
害得,4,-0.3012081883154101
爆屏,0,0
很靓,3,1.4701104680136698
直对,4,1.800179788102521
极高,3,1.5293390686713941
再大,2,0.4888005724134574
装上去,5,-0.30855022879483085
买单,7,0.4597427338789837
个星,3,0.07696700541800983
三千多,3,0.9078985601656324
旗舰级,7,1.300193513529586
性能比,3,0.8536762884351102
暗光,8,0.24043901397549045
增强版,6,0.8559121014320324
买货,2,1.2849681538277113
问过,4,-0.35562839489639503
再配,7,0.5828130215587007
应用软件,3,-0.08085645282969517
二号,7,1.1187798794460349
有过,3,-1.207951531716959
最新款,2,0.14513563459307544
卡是,4,0.43131351570045173
老卡,2,0.8402294559664564
送修,5,-1.1534177984085203
特么,5,0.2280270325862607
老姐,9,0.8023151384724019
兼容性,5,0.23884413295340107
手握,7,1.523514552745525
以旧换新,6,1.2424072651777363
挺爽,4,1.663750755680663
好喝,7,0.8953028122990201
说不出,4,-0.04712778296101344
当自强,8,1.9369317558028483
屏是,3,1.451956637116415
图兔,7,0.15069848696863813
色温,6,0.7973488204840685
剪卡器,5,0.6591514258117648
键用,9,-0.12976550704776896
真差,3,2.1909050775601795
加钱,4,1.2152581032125895
几句,7,-0.28906654842107715
补评,3,1.1843255627421458
连买,3,-1.4367329022785622
呵呵哈,6,0.6863473617488148
没能,6,-0.008668269614637755
房间,7,-0.33876984922963044
卖点,6,0.14667958694907118
暖屏,5,-0.5777567980725913
几句话,6,-0.0275505964367998
比乐视,0,0
不负,5,0.8924254739510372
别出,3,0.46660197270133913
没好,5,0.18629622417770286
評價,3,0.5611585676395626
屏有,1,1.542333850284122
真没想到,6,0.2287728279322896
翻盖机,5,2.107707781562926
差得,0,0
慢得,4,0.021013204052009765
坎坎坷坷,8,0.6091952560531811
棒极了,4,1.3901687620011123
想不通,4,-1.1403529715572587
光灯,6,0.25663370433938365
产品包装,5,0.8331786794914245
我试,3,0.08492766139932677
该款,3,1.5072858361203698
微卡,2,-0.5276337752979798
送膜,4,-0.14108036661965037
布斯,9,0.7129138442258268
点电,3,0.5390850003614309
调大,4,0.5120583492560965
上卡,2,-0.49985425897484415
可说,5,0.13003312534364658
两三次,5,0.28060947180537754
特别感谢,1,0.1101994485314212
网络连接,2,0.5703977659535957
多台,2,-0.29546684635803144
千把,5,-0.12680402055315
共用,5,0.008806223165135041
还算快,2,-0.41774208803250734
如即,5,1.06455637584667
下个,5,0.2658277659058178
极简,7,0.6143527012992269
带套,5,-0.6292689011345685
越卡,2,1.133219594897201
元机,7,0.9650597005922538
人民,8,0.4858684165288817
补上,5,0.9909829290424208
符合要求,3,0.8191254730039553
不经,5,-0.002250312251082143
很足,4,0.20817464199974045
爆表,4,0.9317888472956335
好好学习,5,0.8771539361447962
没拿到,5,-0.34947398049943335
打着,3,-1.1964589595262212
第六个,0,0
之快,4,0.14387037468371458
不耐,5,0.21402097149616842
价了,6,0.493176326441563
灰常好,3,1.3000047031298323
店大欺客,6,-0.1824431131095037
速速,3,0.5795157095792508
灌灌,4,0.38352891185509
略差,2,0.38730766813402384
不失,8,2.073960647407859
弱光,8,0.3097255391177943
换掉,7,0.3419120647781838
排线,4,-0.8502796407936551
特好,5,1.0871937330131938
好爽,5,0.626903711342277
自认倒霉,3,0.7181847542572538
摔破,4,0.034249412493234745
放卡,6,-0.9635790651222789
过机,7,-0.5413839997113586
拍个,8,0.981644730648269
升级版,7,0.9186115436607294
减了,3,0.24155379387116768
无数次,6,-0.6658033156543742
比较忙,4,-0.27164743308944894
完单,4,0.2638977166237826
脏东西,5,-0.06301863932711371
字体大小,7,1.2394651969250958
代替,7,0.41979615688224226
不进,5,-0.6464758316732252
心痛,3,1.5043699349274242
上上网,3,-0.3510633722017367
买前,5,0.4263176089824259
直有,5,0.9456160352588263
无假货,1,1.5644191416443203
全开,4,-0.14726896379374213
领卷,4,-0.1020654768814302
小黑点,4,-0.48365802398516594
光金,6,2.074310811049344
太过,3,-0.05100422115468794
内有,4,-0.44227024957982664
真得,4,1.6592256932619855
自取,7,0.2722632212648374
周多,6,0.5605007792524986
不看,4,0.652661981962897
大力支持,5,1.5326869704494672
翘起,6,0.161297241889212
三张,5,0.04290494394687663
還,6,0.8461271426050604
购物车,9,1.5573976536663239
到安卓,0,0
部是,4,1.1434601120803551
就别,6,-0.20022208834131305
那么回事,5,-0.1230475241121857
通话记录,5,-0.17836581563364265
周边,4,0.04310956927983209
点钟,0,0
好东东,9,0.8545627981284416
港版,5,1.3860346554492893
真让人,7,-0.2330334673452315
太棒,8,-0.16186589136125876
较长,1,-0.03473001655533871
弄个,6,0.22201576415941063
千元级,6,1.040198882885339
凸出来,8,0.9761771731859548
没碎,3,0.6136580694244556
买下来,5,1.524825429394626
不尽人意,3,-0.37661022306024733
关顾,4,0.9268942535447056
真够,5,0.5576339102712508
金句,4,0.9179483831378737
晚到,5,-0.2028077177809983
写错,3,-0.1609919958993895
想换个,6,0.8525912228853233
四次,3,-1.0648830481745593
送得,5,0.34415739957468794
卵用,3,-0.14076513102176857
收音,6,0.7046062566028671
亲戚朋友,7,0.4781807284049129
好象,3,-0.1507292924102252
算好,9,1.0422057665596018
压根,5,0.05762095860573764
买滴,4,-0.4642723079664325
卖场,4,1.5265009009156443
卡用,1,0.09934838464196437
下楼,8,0.19081169165643838
价比,5,0.9650806720926228
不划算,6,-0.882997003421651
贴着,4,0.794177465670169
分辩率,3,0.5057220047798365
不介意,5,-0.2211279988685008
推卸责任,4,0.0006618507876078872
早买,1,1.198499710262156
亮眼,6,1.8581882555039704
直再,1,2.2979269473427397
商务人士,9,0.2320783653994548
快用,0,0
要贵,1,2.941701327346397
误操作,3,-1.172160396266334
高像素,2,1.2786008372518907
全黑,5,0.18994352195091488
有木有,3,1.167159599299416
太烫,4,0.7930960604346515
五六天,7,0.3517052438702303
苹果公司,7,0.0012908697828967672
不正,5,1.206647507809564
手机软件,4,0.5650571476886681
第几次,2,-0.02597580403491882
机器运行,5,0.49177135671817923
百块,3,1.2386708185682798
擦不掉,7,-0.4486890672741378
囤货,8,0.2783884493000438
很合,3,1.7646962788118723
特棒,4,0.9727037693905436
赞个,3,1.1217011613075727
根本就是,3,1.0975605356126088
硅胶套,5,1.0750554103644407
很丑,1,2.131321237058848
行不行,3,-0.8867221268597452
自动开关,7,0.18497173301027017
比刚,5,-0.007224954030776743
越慢,7,0.3763967460846234
不退,5,0.19354696768807905
入门级,5,1.5394716360599296
第二块,2,-0.5562814442281874
好友,8,0.6006349314590128
强烈建议,3,0.4579111366249624
八个,2,0.8935875475747029
漏液,4,0.12680793828928877
适配,4,0.3209046148272482
四百多,9,0.765092121074613
具备,4,1.3870793939342942
快些,2,0.09062530791630954
变卡,4,-1.4600279931167537
工程师,4,0.8429396151005238
最赞,2,-0.2262543523842027
轻触,4,-0.4613866492939389
手机游戏,5,0.31120689945632846
没装卡,3,0.20558075749525098
货刚,1,-0.16332024073861118
效率高,3,0.2001509455714284
信号强度,7,0.08706660328708336
酷炫,3,1.4567833754883555
限时,5,0.6853496101433099
端机,8,0.0182744208940313
代金券,1,0.3623529182917052
手机配件,4,0.11892059720284712
嘻,7,0.25400958918402006
十五个,4,0.1421407970727992
黄金,6,0.44031315333746623
边玩,2,0.9415894283680764
這個,4,0.8465359760045645
它们,4,-0.6381887842419134
没贴,4,0.32110801537549094
同型号,7,0.38747391442991747
耐用性,3,-0.916282396847628
后会,4,0.49812602909064885
扫码,8,-0.06683584916019547
伤不起,3,-0.6795018168883974
张是,4,0.9293498288510791
用蛮,1,1.3708735515575134
再三,3,-0.8098119851299005
主键,3,-0.10199322920602201
姑父,6,0.06090562718737852
三四个,1,2.0859805768424704
自动开机,4,0.5390509726627755
太紧,2,0.5549777604982686
街机,10,0.3714413998067344
耐脏,10,0.3478325245908849
屏后,4,0.008894217487332878
最具,2,1.7845761572606689
防滑,6,1.9687564182324044
太抠,6,-0.36028045568824263
直板,7,0.9098074367038398
大后,4,0.6686202452094057
装着,4,-0.2826330677457749
货都,7,0.2635095189221742
就认,1,0.14893938607456317
三防,3,0.10787783497961055
要赞,3,1.0297660548185512
怕怕,7,-1.5995651742440502
又坏了,3,0.9729059908957031
稍大,3,0.6927050032050449
三颗,3,1.415689722522189
过生日,4,1.8601862089939616
卡要,4,-0.5306889631498837
特供,9,0.6724038888290802
多开,3,0.7083055113203964
偏暗,3,0.9366811054968821
主屏,4,-0.30939531956151656
这件,5,-0.8243338748256385
用久点,5,1.4994925481315717
平安夜,3,1.4283404336882075
方便使用,7,0.6524304336204662
硬道理,6,0.18041173299070645
万个,3,0.5594706877933486
百个,5,0.8857130379357615
消消,6,0.7131690462595914
几小时,5,-0.3174669739225122
直从,0,0
充上,0,0
零零落落,8,0.935561480135639
那部,8,1.332788784168633
手机号码,6,0.5497932932788414
读卡,6,-0.3242572884954331
已久,5,1.136992581950423
送礼物,4,0.14551668728206638
不爱,4,0.30123462215155117
稍显,4,0.6374043844129509
滴滴,10,0.5724121819909571
比上,1,0.630860330650197
有點,3,0.2208083330187809
口有,5,-0.5848366793594738
直到现在,5,0.8537508911852321
太美,4,0.13913630387263376
龟速,4,-0.6440028371610825
能撑,3,-0.35415748134563113
偶有,4,0.2329350107860293
不放,2,0.4859955155163671
时说,4,0.21717847641575092
牛叉,5,0.1284422721534011
不全,1,1.3324903977728781
不接,3,-0.5108017433396318
去查,5,0.18337111264552772
发微信,3,-0.3211274499243492
在外,6,0.16206826164943813
送上门,1,0.9264077654307071
带给,4,-0.13968871298588803
感恩,7,0.21149704971235492
货时,1,0.17360001353488685
非常容易,7,0.6905165222848743
强烈要求,8,0.24559174307376158
電池,6,0.001964622341441298
是否是,4,0.7061140127018259
业界,7,1.558123634094175
各买,5,1.173965383822029
摆着,3,0.10461048187842754
试下,5,0.4608135390556555
流氓软件,3,0.08701231714803936
二手手机,6,-0.5038453814643137
我手,5,-0.4266035337625622
東西,5,0.1790641992587621
常用软件,4,-0.27990250181805254
得用,3,0.26940805139425805
耐电,5,0.14267256328947941
刮手,2,-0.9901728179374617
部用,1,-0.12136113652063842
略大,3,1.330908947831163
看起,4,0.7619275824648288
通透,6,1.6840532720890928
送件,6,-0.25181146789521014
改了,7,0.45328986092000945
降频,4,0.5826446635881473
见过,5,-0.6669989822665471
铁杆,6,1.3483872536501267
会卡,3,0.06588985416601068
晃来晃去,4,-0.029056173327774173
昨天早上,5,1.0125239160826442
下着雨,4,-0.7931041697456087
抽到,4,1.3191638846201688
很烂,2,1.2392176746691907
什么游戏,6,0.3692936786412639
摩擦,5,0.3322633551045059
爽爽爽,4,1.153091896569546
带回去,4,0.7686372387096047
字够,5,-0.1592362402320901
通信,5,1.4434371503220835
收机,3,0.7789104106654862
不太高,0,0
用手,6,0.5919877378127202
我下,8,0.7233729516797134
电玩,6,0.74867118248084
机壳,6,0.17382422146694232
这辈子,9,-0.6956830674651889
或者说,7,0.9704086927206644
进灰,3,1.1940121866917093
锁键,4,-0.45417643407290365
手机带,6,0.7659634790319195
几样,3,1.3623677676614048
价高,3,-0.5505661269312954
高颜值,4,1.4874073657710218
不过关,7,0.5388126395677452
说完,6,-0.5700314606473019
我换,4,0.28121114689866444
忠粉,6,2.1148620817994392
聊微信,4,0.33203448684979087
小盒子,5,-0.3689310999890917
充着,0,0
更快,3,-0.7285298428123256
高手,5,1.4251911638827834
天黑,4,0.6962478134611036
个卡槽,5,-0.10804515877718675
好几下,5,-0.6903763137309891
别有,2,1.4543233521039536
续航力,2,1.2208513170013227
两种,5,0.732167908389443
闲,7,-0.04068923177399037
两秒,6,0.6696440431853242
闪存,3,0.17093936476519908
好棒,0,0
時間,5,0.5133431097459882
烦死,4,0.5203082703739703
退单,7,-0.06681357898233097
還好,3,1.1360659455632642
還不錯,5,0.2534445698241669
挺酷,1,2.109871010769407
村,5,-0.08687362148360514
感谢您,6,0.6851852137771148
重起,3,-0.5961842986335409
哪有,3,-0.7027510494976316
看不懂,3,-0.7707733038815912
货真,4,0.9285684630764985
联保,2,1.6980563883506807
机机,2,0.5106443743591007
这句,5,-0.6242056324019766
松垮,7,0.6851617757237037
算上,3,1.905289879797951
这破,2,0.9802574351478187
小苹果,5,1.2163752622301593
脆,3,0.531234641828033
寸大屏,5,0.5530363589768751
真值,5,0.28824494518707044
厚点,8,-0.41292467021106166
老豆,8,0.7112240357786198
很省,0,0
好几千,4,1.25001887123695
等不及,2,-0.8850403147333733
掉下去,7,-0.3123881341400457
双网,5,0.5806672512247388
自启,5,-0.09126565342814441
古古怪怪,8,1.1614464559081017
吧唧,6,0.6758324614040084
过高,3,0.3097876939018344
串号,4,-0.50876017085168
哑光,8,2.328319795049912
快递费,5,0.16281590821188252
胶套,6,0.7988420935743696
特别版,5,1.4814919841585685
多字,6,-1.023675484898188
更高,3,1.8773176542746395
兴趣,9,0.176422909410025
活,6,1.4684490967791097
不在意,2,-0.412749172446523
售前,4,-0.2391080810037088
没查,4,0.3991417522531695
能查,7,0.2484060863805401
拖拖,8,0.06977817794698787
重置,3,-0.38169559607697234
四核,5,1.0838160132834718
烫得,5,-0.7287381217034824
开多,3,-0.04043187604525067
耗得,3,-0.2373625113578447
服务中心,5,-0.11308495889510684
赞下,3,1.2952559917007187
放进,6,-0.01647513776178396
没多,4,0.6969580348834437
磕痕,5,-0.9512110593874727
经济实用,6,1.9930880056864995
搞个,8,-0.208314869174956
软胶,8,0.9592702204002082
亲测,3,0.5482673062936985
对不上,5,0.03493072563387134
买红米,1,-0.9963888210279679
查到,8,0.044896994945713656
调到,4,0.34759064136989903
包换,6,0.1452124299305403
快来,5,0.5940574646502843
已有,2,1.0847824490805376
十多个,4,0.2245719093300667
极佳,5,1.7407480937130875
像数,3,0.6438554447395569
正用,2,-0.2726753703373932
沉甸甸,2,0.7109242272846116
换过来,3,0.8448682653613862
说出,7,-0.3837492924089262
屏坏,3,-1.6672131919009192
不必要,4,-0.5311903990487238
内存容量,2,-0.5916442873246776
插拔,7,-0.3282727388826349
按到,5,-1.1820818666504609
牛牛,4,0.4874834397075543
占时,4,0.10344471178140197
放进去,5,-0.032613201463935246
挺好玩,1,0.3266546849842865
手滑,4,-0.2137180098256391
手机用户,9,0.8189666322760896
七百多,7,0.8772754053958863
高多,2,2.218185160867712
我爱你,2,1.9397865766704616
机有,0,0
好几回,4,0.5237894081259049
最给力,4,-0.38123541628920915
死忠,5,2.2758643141974337
比较清楚,2,1.632292568583716
度高,5,0.5535361306497075
上键,5,0.07157849027078063
色彩鲜艳,5,1.8509505708447551
直降,2,-0.8693255895239977
很无语,3,0.3418070009647925
太老,3,-0.5358750893290222
几十,6,0.07546523209193143
够不够,3,-0.10278543158462002
给你个,4,0.039319820719884595
转过,7,0.5660550267190032
看能,4,0.6186193490715682
不热,4,-0.33448836920594344
偏低,4,-0.08423437972547548
机强,3,-0.5658672290854234
员点,3,0.6304544917532396
第二款,2,1.829584192666293
两三年,5,0.9392323887876491
比买,0,0
我己,3,-0.020363692802241967
有点烦,6,1.0931700067700458
裤袋,5,0.2458978228242215
两下,4,0.6960600922913136
说点,6,0.1203480661354069
我大,6,1.7609074068885728
远超,3,0.42476420791699315
验过,7,0.019629081493435292
原以为,5,0.9039294818272836
这用,3,-0.4182857084418456
吓死,3,0.7017879740800592
几家,4,0.3684487960203033
换购,3,0.7795468584521923
拿不住,5,-1.4145248488842421
略慢,2,0.0956980422537208
败家,3,0.13977796475065904
很次,2,-0.8638520596052504
屏好,5,0.40029718640034095
扩展卡,4,0.6106809720644368
刚拿上,2,-0.8428405650898303
来天,4,0.08308465082465477
不紧,5,-0.5414146407421343
清屏,5,1.5251569072630973
高质量,3,1.4985724102707163
摸上去,6,0.5333354300722587
流光,7,1.8444711441527304
价格公道,6,1.0321823701485453
看剧,6,1.4152985052286688
用坏,3,0.035978522060576196
前用,3,1.3604963009840108
不低,1,0.9250083841751557
啥事,4,-0.5856223049919449
信懒,5,1.6228314964215105
时用,6,0.37036804557502
不如意,5,-0.8773107537875031
不太多,7,0.2490314915890503
晒晒,4,1.695533428954507
足矣,3,0.29159506911970706
比较支持,8,1.9480381475676651
变暗,5,0.9871863763471002
十几分钟,3,0.17648890513369675
很烦,3,0.766885760504357
高出,1,1.3406714659662642
高些,2,0.5185985652728154
处有,5,0.7741976386847721
内包装,7,0.7286373932663412
大了些,4,-0.05162358164120126
个角,4,0.8757937800255243
只选,1,1.9327607010630925
卖东西,3,-0.07013708463439498
寄过去,6,0.3256454378479174
没人管,3,-0.08840841444946396
比前,3,1.3502623037356114
出点,5,0.8319523693094677
机后,3,0.09241899366665302
追剧,5,0.6225401179606702
有电,5,0.3362982142204195
机比,1,-1.386179875789117
浪费时间,6,-0.4174853148501158
未有,4,-0.5193830829587877
到极点,3,0.9375454939335096
哪来,2,-0.7522692098860264
看得清,3,0.5382556204820689
弄坏了,4,0.02222612017019271
两月,3,0.7133006972708875
经久耐用,4,1.6897427030124812
八天,5,-0.12103009850889697
提示音,9,0.22181087702306965
用红米,2,0.22939053554662558
更会哈,4,0.7684577818963308
啥意思,6,0.14804162664287354
烦烦,7,0.39003530963727434
盒里,5,-0.18584848136357726
跑马灯,5,-0.10688248723289992
封膜,4,0.7930195966866196
刺啦,8,-0.2176765716917441
内存空间,3,-0.5315934072042959
货员,5,0.050082481028917325
多虑,3,0.4622999979796118
近几年,8,1.2141672620229318
买台,5,-0.17020285533253743
老妹,9,0.4785670703981212
还少,1,-0.8441848131890258
特慢,1,-2.1982905973648212
通话时间,8,0.3166268970590992
手拿着,4,0.4591244085945139
分给,3,-0.13691244858355053
连网,1,0.05160553146241202
不坏,6,-0.13819248710954904
翘起来,3,0.05912064411522625
十号,5,0.7894276292572996
同价,3,0.8912340759579104
初,4,0.45076067594878494
十二个,6,0.7749716762536542
玩家,6,0.03427633972362684
家买,6,0.3666121324752265
软膜,6,-0.28269276198940857
进不去,7,-0.26785904434168256
完全符合,5,1.4241529323187063
玩会,2,-0.13564221942702737
选了,6,0.3671329108801782
点错,5,-0.10880390196546352
用酷,4,0.8658704014979961
大些,2,0.4211536444587795
原力,7,1.7281904289573315
算了吧,4,0.6934436407601126
質量,7,1.0400305928112963
做得好,8,1.0635673945334108
货送,2,-1.0813442017253563
好久好久,5,0.7953118375913995
转粉,7,0.00687423046010568
这样的话,6,-0.5183489818275202
弄错,5,0.4335703653684934
不重,2,-0.738371791468038
多才,5,0.27366386239285945
进电,6,-0.4305204290819416
心理准备,6,-0.7569496660317075
搞懂,5,-0.5501321289278005
配上,4,0.22725037529322553
最坑,5,-0.4855822933992859
能出,5,1.178132343101924
使用寿命,4,0.9019287523086013
用点,3,1.7501169520626692
互相,7,0.8342820687276976
下载安装,5,0.27599224483414775
旧机,3,-0.01845583656427217
九点半,4,0.4209496396908299
个点,3,0.6826261868964926
不起作用,4,0.6796829056332212
直会,4,0.40902824439114177
某宁,4,1.390104017794919
不卖,6,-0.315848291820076
类产品,6,1.067810189622889
闺蜜,10,0.3310296148143392
以经,3,0.19025257329653625
智灵键,6,0.05124947029437508
分钱,5,-0.4350564699463611
护套,6,0.9962418852487286
计步,8,-0.08934242749952373
这买,5,0.40681628605130105
相数,4,0.06338858036189578
两千块,6,0.44550000389306993
满星,4,-0.017323958979499732
算不算,2,-0.30893254465164555
越来越快,3,0.19219659698107253
偏色,1,0.7179876812335733
好多好多,5,0.7284743440199598
大而,3,1.7200999910150518
活着,2,-0.4715193177918172
修过,7,0.5287376432982678
還行,2,0.6965489234610095
没送个,1,0.9069323038695476
机来,1,-0.4053513305051775
顿感,5,0.6907640222444733
屏太大,3,0.5078148866018549
几代,4,1.1748080676851873
点用,5,-0.10530457181126814
转天,2,1.6225377529027645
装好,3,0.7658925442982686
冲到,6,0.2979616342208086
六期,6,0.378062773875912
软件系统,2,0.6988267157600845
好难,4,1.3017720043891818
放不下,4,1.1290089836135506
纤薄,8,1.9974798440199337
光看,3,-0.0978152150919468
发放,5,0.3156206735276578
各大,4,0.7146034281236515
再试,4,-0.20429392241716665
剪成,2,0.4397964666234325
五百多,8,0.558243007522527
很亮,8,1.0633221687993941
说换,6,-0.7310169424050693
说句,1,0.4528862611114693
算高,2,1.6664184997785123
商品价格,4,0.8675498513368384
比安卓机,3,0.5617484719179715
薄点,5,0.08145154503285612
咋办,3,0.42634239761838016
很渣,2,0.915936397092141
送上,4,0.8675545013869947
回不去,0,0
态度恶劣,4,0.367923172937954
串码,5,0.10522998301698175
热情服务,3,0.2942179266784918
按错,4,-0.06300169502248783
换来,2,-1.1405068344499618
工能,4,1.6550406469580117
国外品牌,5,0.9540135684976887
下才,3,0.41048146217667236
反厂,6,-0.7930530524260447
卖出去,5,0.23599298505906044
各有,5,0.3469812880406446
可调,4,0.7003281884690895
看运气,6,0.07631002814683517
体机,4,0.5564268921444498
小坑,7,-0.6299056713469479
很清,3,0.4913884176565599
塑料膜,4,0.789028545055638
小姨,9,0.31495903442957784
有次,4,0.3083568238512443
很配,7,1.1892807554070182
立减,4,1.6251778371525285
滑手,4,-0.005136110701047525
机挺,1,2.1244447405018585
阔以,4,0.2392686001065808
享版,6,1.4237485888888806
没人接,1,1.1792747433924686
出钱,9,0.15495242798795555
用会,3,0.7634886313481403
摔裂,3,0.8218073849356681
就试,4,1.070885464721277
转到,4,0.3631417308317738
全款,7,1.016788686882861
挂掉,5,0.039380734428584765
导航键,6,0.5145310901763454
產品,3,2.3709887814141943
没底,7,0.6565700593677798
不太大,6,0.8164472923593804
很贵,5,-0.05193304037796196
自拍照,8,0.9071984100438127
帅呆了,3,2.3605018534113023
太不经,2,-0.21168215380056205
中低端,6,1.161079401100176
戴套,5,1.1624346664909764
防撞,5,0.07291469594244113
七八个,2,1.2342050929899226
这店,6,0.7219919300004923
电才,4,1.1653693615525362
屏用,2,-0.03184418030927471
六核,5,-0.2745585281507565
少点,3,0.5451312436076027
点才,3,1.4303503881725854
个例,3,-0.07442091432245941
很会,5,0.13033401281482596
今生今世,6,0.7736462601215001
当备机,3,1.2742420030715036
派件员,6,0.48869523508173
碾压,4,0.7817780945270034
赖用,4,0.7373219924788377
过卡顿,5,-0.6800464157160461
个乐视,0,0
接缝,5,1.207380793227265
略低,2,-0.4063129193426245
价格优势,6,0.9054341895284796
用大屏,3,1.265792402079816
五十块,6,-0.052859082773626644
成正比,3,0.2722017011089006
最牛,5,0.947874349344568
清淅,3,1.7505739977666845
千多元,2,1.8424701783818649
冲满,7,0.3898798886903094
挺卡,2,0.7115960070745322
感强,3,1.0257318437953105
做事,8,-0.585869923680186
有券,5,0.6324308645191447
酷酷,2,1.6299693093454493
所望,4,1.4509022758148673
真高,2,1.1793242535310604
这条,5,0.29815329479818287
真慢,3,-0.8855424875961667
屏大看,4,0.7738583773597472
减券,7,0.6903783487024315
能装,5,0.7426769626134123
不良反应,7,-0.5634571906848272
最爽,2,1.2233845895065933
返应,4,-0.05142292678577187
清仓,8,0.3334329087094031
板砖,6,-0.10219741926132468
极力推荐,4,0.6233793804841888
只服,1,1.292011334174389
大有,4,-0.1871614049144714
好烦,4,-0.5764306343331526
不远,6,0.4523906260310835
卖个,3,-0.24536694322419406
选去,4,0.3693420634545229
太冷,4,-0.7748919431276008
没钱,4,0.7875509048397378
多买,7,-0.035719504166840714
反應,2,0.7239688954388488
期望值,5,0.07350305664749415
十多分钟,5,-0.18631555126017338
无果,8,-0.24772571285968265
用鲁,2,0.3404990729418198
心塞,2,-1.2667376695496304
说会,8,-0.5933258203664715
多送,2,2.175185786123773
关不掉,5,-0.04658772449384534
两回,5,-0.3711352634973452
真牛,2,0.9973284541463092
我怕,7,0.017383911159102698
不太熟悉,0,0
直玩,4,0.3628541791524742
弹出来,4,-0.4743013054302507
疑似,6,0.13514731935028065
盯,2,0.10481889187554733
已到,3,1.6824836138199943
精力,8,0.21371244987382068
某猫,7,0.9690875070667281
略贵,2,1.8272082078487801
越办,6,1.4771287441257153
酷跑,6,0.5777867200383594
开售,4,1.2426339430475046
你妹,4,-0.0007775403011354154
二代,7,0.9511374087781562
接缝处,6,1.2784302143092825
永远都是,5,0.4137265912873345
華為,7,1.0712508034572499
全部都是,3,-1.2411140699340901
加持,6,1.1013426295857254
表示满意,1,2.2935392526444502
弄坏,6,0.0882986683457444
六部,1,-0.014576664872283204
闪冲,6,0.13817458409614997
买成,6,0.5756683785915621
整体性,4,1.7722722698431155
奇快,4,-0.6120596753345646
桌面图标,3,0.3677993326339281
旅行,6,0.10969774439919076
卡位,6,-0.2890367556717801
手东,1,0.41393821816642185
很响,4,0.9319697755902385
背板,3,1.133074104875894
超多,4,0.9934370332930954
大用,4,0.6789528282377455
赶不上,1,1.2497203074671048
中卡,8,0.17027876352048504
不好玩,4,0.5772126341034813
无感,3,1.630624352314749
大且,3,1.2197428636485173
没卡过,2,0.21558558476255577
没敢,6,-0.2168143304117104
插上去,3,-0.3712125543794899
会用,2,0.4949265613596824
算下来,7,0.7503580722632684
卡上,6,-0.0936204426879887
卡装,2,-0.8265925035181532
很早,3,-0.11871124530786763
最爱,6,2.5370064072394647
未见,4,0.4780506677540275
快遞,5,0.5936694322723433
真不愧是,3,1.7614490112973804
气死人,1,1.656244299353292
这么回事,1,-2.8267563597169705
定会,4,-0.0419486285435603
可拆卸,2,0.5182349364202542
易用性,9,0.9334000951006571
铃音,4,-0.7421050292713607
挺强,2,1.9418446413768353
没网,4,-0.1949962721797286
太脆,5,0.8241377288523217
真有,4,0.48881535282537464
最慢,2,-0.3128017632389886
有卡,1,-0.9779851825279997
重买,4,-0.7999045412068525
天天向上,4,-0.010696142939818576
屏小,3,-0.41527177888125166
问非,7,0.0857884822705874
所答,7,0.29676479086515845
多所,6,0.5161095280189164
没舍得,3,0.09391969191106601
号键,6,-0.892196932915431
保证质量,7,0.6352486854311096
音乐手机,8,1.3618421618983938
次发,6,0.8550319149403975
瑕不掩瑜,3,0.3125859565489621
难免,8,0.047233977303100444
限购,6,0.07510162193328142
段时,6,0.11789267689261251
包裝,5,-0.021902075414841703
上能,6,0.08236445651936482
聊聊天,3,0.5294371608647034
鲜键,4,0.6210506149986541
外盒,5,-0.015789138969773464
扁,3,-0.6629429829532282
給力,5,-0.13484156333381062
全给,3,0.8049177896497527
好几样,3,0.8395641291116678
更差,2,0.9880610038542698
我想,6,0.3576388210280819
会慢,1,0.6236655662084133
屏上,6,-1.1847150816844092
版型,1,1.358342419092542
组装机,2,0.004586100518568309
东券,5,0.31476398561460944
太烦,3,0.8697861976858411
杀毒软件,6,0.5068782819003853
部好,3,0.7008378138182922
携带方便,5,1.323776221874864
看得出来,6,0.9982535146798429
再大些,2,1.7131237214543085
实用功能,8,1.4635453378796675
放个,3,1.2082325454141263
通话录音,7,-0.0059170045566837425
冷屏,5,0.46218028963050245
这类,6,0.42822642767722274
干掉,5,0.5657163675972405
三百多,6,0.7048573582688394
分是,7,0.4608581134611392
免费送,5,0.15626119462719323
塞点,6,0.5637333900501921
实机,5,0.8201181597896696
地摊货,8,-0.07077115849941037
台红米,2,-0.6418106163036259
慢到,4,-0.631224766559871
开不开,4,0.20397453967971368
多款,6,0.0399355480274051
海思,7,0.8262004957339223
五十元,4,0.6689488640992257
屁颠,6,-0.2007798813103101
現在,7,0.9206821226852939
就裂,2,-0.22873179733576599
多快,5,0.2346143929452154
刮伤,6,-0.06367091764758322
黑框,7,-0.38140911885957357
大半年,6,0.2119838621154718
暗夜,6,0.9750971265681448
点钱,4,-0.19641031062206246
两件,5,0.8634548444755138
男女,3,0.39025123225988473
收件,4,1.2916441411727415
太累,5,0.6257558981933476
用券减,1,-1.882628610628669
我买个,2,1.7652338496399582
办事效率,3,1.094144296600827
比魅,5,1.3293203770283286
买要,5,0.9792908353459506
清析,7,1.5453730569147246
开盒,4,0.7720139508580044
更长,1,1.4374591337366152
比双,7,0.3936175729858609
别致,6,1.9731768650400408
没买错,3,1.1749769471127067
很显,2,1.7120470363462514
中说,6,0.11609364497919446
泛黄,1,0.06103933184997851
两百多,3,0.17297190874837756
点不动,4,-0.15314062566071276
满快,1,-0.20118096688493128
杆杆,3,1.6742673989895795
直让,6,0.916358422353289
优异,5,0.938227473213146
刚试,3,0.6500204125444453
机界面,5,-0.03186121749794857
粉粉,6,1.2091633480109418
魅海,5,2.5350655967008944
狠好,5,0.5038725391921247
帮买,4,0.11975546939136339
日才,3,0.6828081785520114
开孔,5,0.032579483873308925
那点,2,1.241601170932522
满足要求,3,0.3723348457074347
稍贵,4,0.570806007521042
事实证明,5,0.4888867671869792
蛮长,1,0.5237974694244235
调教,7,0.37189413466528803
购了,3,1.2665971841523314
直得,5,0.6100060665994468
上用,4,-0.07131714133616522
外关,3,2.91367190093805
评评,5,0.7687741861479159
就值,2,1.3412074536965481
有目共睹,9,1.0041221265422267
元券,2,0.8343773598309949
全用,5,0.9730746612359464
此外,5,0.4445666324492327
多些,0,0
换来换去,5,0.040126342417081816
杆,6,1.0017027862437216
最让人,8,0.20587693323301576
备货,7,0.583169828130854
划屏,6,0.28982498816234004
爷爷奶奶,9,0.53306986591017
这么晚,6,0.6370287984140954
还成,3,1.3984910614617874
走出,5,0.7671930271890365
国际品牌,5,0.7752375796243726
微信里,5,-0.23076368991899385
送过,3,0.3256952147631222
好会,5,1.7222407239194097
有所改善,2,1.0324195666631422
双曲,5,1.044808028327224
按下,7,-0.7777146778526829
顺溜,4,0.9516663983648322
要钱,6,0.25601592404174106
三百块,6,0.32842184038572836
充完,0,0
对系统,3,0.7144179951037106
换小卡,4,0.2659181010586319
差多,6,0.2199942632183202
飘亮,7,2.161222050376767
解决办法,6,-0.16002707246499467
客户服务,7,0.859823808788475
文字游戏,6,0.43643678069192465
刚化膜,4,0.12841839253994705
拉圾,7,0.32502450927224524
九个,2,1.3217570137415342
套上,3,0.4408338774367008
电都,5,-0.6961465869397648
平好,4,1.210224341069305
通高,2,2.4395300427978928
横屏,5,0.4313606820052186
孙勇,6,-0.1168761346867288
下会,5,0.2953225746520015
多分,7,0.9572499713173711
没声,3,-0.31922905778347865
天再,3,-0.5412630453646424
钟意,6,0.4201693389961876
偏红,2,0.17730497100806764
比亮,6,1.4474581556097512
看字,7,0.679154257881846
五部,2,0.041587432628967066
双微信,5,0.6955901544281958
高分辨率,6,0.3122765535397327
日下,2,0.16216670363029914
直给,4,0.8103500076909277
丝滑,7,1.3252095329236357
过大,1,0.3337613831222216
內存,2,-0.4386705905520065
好哇,6,0.41793911294444114
看会,1,0.09361979438439855
芯,6,1.2172480811046804
轻点,5,-1.2798769012416376
程序运行,1,2.6027537904450777
挺全,2,-0.05302407894626232
两字,7,0.6203391751962531
样好,4,1.126469931293684
无爱,6,-0.3112641998262575
两处,5,0.08640586463531173
部送,3,1.2113922245438502
会常来,3,1.4727413459933052
下能,5,0.7112628992150196
来来回回,5,-0.367963041452951
还算行,3,1.334000169035469
确保,7,0.07305037598289447
重了,2,0.3782891796893052
总的说,3,0.3190055893582922
拆箱,1,-1.3613223179673304
死过,3,-0.5768901639717268
所值,6,0.24502301579351785
微商,10,-0.07711026365433346
好价,3,0.11032053760233877
打不出,2,-0.08301448272172669
没点,5,0.8001379136580293
满大街,7,0.9199396183454093
关了,4,-0.2728449486871117
没钱买,5,0.8063051149431276
只上,3,0.3490933325541634
运货,7,0.2506277986033094
服务满意,2,0.059811360310844774
偏慢,1,0.6888348655988564
这位,4,0.7875015512275859
装太多,4,-0.8187943048435261
这颗,7,-0.1229783594807281
不玩大,5,0.32290457274419204
特別,4,0.4238811894960096
己用,2,0.7496724598748266
几周,4,-0.38740199552793375
出个,6,0.45285739534307745
算不上,4,1.129153038323508
直屏,5,1.6493085571168347
往下掉,3,-0.633251152522936
这会,3,1.6689242124805908
点买,6,0.6621545698264953
先试,1,-0.11496536501362097
不输给,3,0.7455665106615753
带点,5,0.19886071595915789
发白,4,0.5338862464314157
最烂,2,1.0463745335196675
摔烂,4,0.7879954269025549
心目,9,-0.0853575863223109
近距离,4,0.7187575064425005
看下,4,-0.2911349803516867
挺重,2,0.23620498881628876
买米,2,0.12879971531593126
这事,7,0.2132340132946329
优质服务,6,0.6551459354725596
慢些,1,-0.7203660709702308
慢死,3,-0.8729273394628531
太多太多,3,0.4779525656395716
看着办,7,0.43639146432560977
很重,4,1.344484903466142
新年快乐,7,0.049397490054462305
两颗,6,0.8283594574771725
真不容易,4,1.4253216276520637
要加,3,0.04647621109779162
会卡屏,0,0
比去,3,0.2815393760138117
标称,4,0.6665722487190017
未用,5,0.3944912291794028
管理器,10,0.258377009243245
幸苦,5,0.3149576368564402
七个,3,0.8274977057184905
更棒,5,1.3578642123265459
没图,5,-0.14809742951659338
改不了,7,0.834469163021878
拍张,7,1.159085247253277
太水,2,-0.33659801280083157
屏时,7,0.6705966141100329
很窄,2,0.5314364688673568
需谨慎,3,0.46552095427507795
完美无瑕,5,0.9943477881270208
里算,3,1.8747640732273696
特高,2,1.6936244405366563
大个,4,0.9428959758065298
还错,4,0.25146491754772077
不清,2,1.5685031955274336
用旧,5,-0.411674705794775
色彩艳丽,6,0.8779142434126873
选来,4,-0.08564701573676141
保修单,4,-0.41227663323906183
他会,4,1.1803697536672757
台送,5,0.7921473374914229
京准,5,0.2061892991273114
碎成,4,0.5686937305230224
微距,8,1.262410166513809
抵用,5,1.0611380088446114
大箱子,4,0.32151202459364003
羊城通,6,0.36408438713149227
三网,4,0.4753530498327623
公司员工,8,0.30818071702302063
会热,2,-0.3621313150729478
完年,6,-0.20146390382155066
第二张,5,0.7717179949189044
缩小,6,0.16538467078198518
上要,7,1.4967932309146783
家店,7,-0.24376059544606207
来用,6,0.8801046073537367
体化,5,0.3708823988230212
出不来,7,0.4758089749918177
点半下,0,0
爱护,6,-0.12783163924743937
根本无法,3,-0.14935627516005462
屏会,4,-0.047755643778710805
节日快乐,5,0.455291192749368
越来越少,3,1.3933982737238821
有条,4,0.788628658279903
送回,7,0.2438354020851408
逗我,6,0.2127997172464212
黑黑的,4,1.2302904450686225
图咯,7,1.0974726213654162
层膜,6,-0.7468294758243522
无差,5,0.5140758072843842
心仪已久,3,1.337796645675217
为证,5,0.4818495671199742
起來,6,0.9248404236943834
唱歌,7,0.874074173184069
丁点,2,1.0546028783914818
伤透,6,-0.3287685824125008
能充,2,0.7835753654805255
冲不上,1,-0.9027761563724178
新换,4,0.5361569318389034
机没,0,0
过快,2,-0.4810093984902853
自豪,6,0.6209662147655892
很晚,5,-0.29976388179551694
真是假,4,0.669771972681874
年乐视,1,-0.020361079986543414
玩过,3,0.58138763415787
痛点,4,0.17464565115700792
外觀,4,2.4102068147349844
太晚,5,-0.45883729199001844
几处,5,0.66991795939309
这能,3,-0.5719602431769016
降点,3,0.6511041988229632
已坏,3,0.8158169123614459
刚开,7,-0.03349621482101538
哥点,3,0.6468532232755346
哪去,4,-0.27631751061479615
选个,4,1.6585378239779287
再开,5,0.7793449277819186
滑屏,5,0.6467697713143943
算快,0,0
闹特,3,0.726042484273519
比同,4,0.3998060053853385
后查,2,0.0073408342170482865
起机,3,-1.7189766464064222
老半天,3,-0.41512166450549937
公交车,7,-0.16069884505304577
偏远地区,7,0.3347627744373728
降得,3,0.3566454282314817
时要,3,0.9561978732258635
对安卓,7,0.5263584590267281
两句,4,0.5863511928480991
打来,1,0.17395068269107875
扩音,8,-0.30155597937354495
就会,2,-1.673433616993991
建,4,0.7936313053577717
胜过,3,0.8311490149515236
听得,4,0.6975128708403471
孔有,2,-0.08796129317150736
就查,2,0.42662808843660177
没电开,4,-0.20887968972553184
摆脱,2,1.71465801250144
讲信用,8,0.6998726893428344
买全,4,0.18008543012744258
戴眼镜,7,0.3874625008381175
真速度,4,0.08537419157322132
能换,3,0.3684787823234985
桌面上,6,-0.16410913010039382
亲亲,6,0.9683789591041098
三格,4,0.5607275852925113
随身携带,6,1.5843418855756386
温柔,9,-0.19848127394791928
发黑,2,-1.596401447600241
最长,5,0.550822552350837
拍下来,5,0.21091847787046633
吧台,5,0.14167982613599855
好几遍,2,0.2103443480567625
第六部,2,0.04234391233804938
发科,6,0.5364489400110835
購買,2,3.307621032584698
官方网站,8,0.14991954136596572
略卡,2,-0.9971405270936559
不对劲,5,-0.12482085432556636
很拉风,1,2.2394717817265453
太气,7,-1.1483560129364656
用安兔,5,1.198968458330818
别看,2,2.85335141345953
个人信息,5,-0.2830959953179694
